{
    "hard_iron_bias": [
        -3.626040403399955,
        0.4297839719236227,
        -16.41387876682149
    ],
    "soft_iron_matrix": [
        [
            25.135702087218913,
            -0.06801546916941557,
            -0.6314775447638543
        ],
        [
            -0.0680154691694136,
            24.76577626323281,
            1.6429387493277479
        ],
        [
            -0.631477544763854,
            1.6429387493277456,
            26.16694521061001
        ]
    ],
    "magnetic_field_strength": 1000
}