{
  "fov_data": {
    "static_fov": {
      "1": {
        "horizontal": [
          -31.87,
          31.87
        ],
        "vertical": [
          -19.23,
          19.23
        ]
      },
      "2": {
        "horizontal": [
          -17.38,
          17.38
        ],
        "vertical": [
          -10.0,
          10.0
        ]
      },
      "3": {
        "horizontal": [
          -12.46,
          12.46
        ],
        "vertical": [
          -6.53,
          6.53
        ]
      },
      "4": {
        "horizontal": [
          -9.651133261,
          9.651133261
        ],
        "vertical": [
          -5.190123868,
          5.190123868
        ]
      },
      "5": {
        "horizontal": [
          -6.9,
          7.0
        ],
        "vertical": [
          -4.08,
          4.08
        ]
      },
      "6": {
        "horizontal": [
          -6.694474362,
          6.694474362
        ],
        "vertical": [
          -3.433630362,
          3.433630362
        ]
      },
      "7": {
        "horizontal": [
          -5.909754394,
          5.909754394
        ],
        "vertical": [
          -2.989397381,
          2.989397381
        ]
      },
      "8": {
        "horizontal": [
          -4.515691232,
          4.515691232
        ],
        "vertical": [
          -2.640101956,
          2.640101956
        ]
      },
      "9": {
        "horizontal": [
          -4.030088663,
          4.030088663
        ],
        "vertical": [
          -2.203931754,
          2.203931754
        ]
      },
      "10": {
        "horizontal": [
          -3.641185258,
          3.641185258
        ],
        "vertical": [
          -1.978521949,
          1.978521949
        ]
      },
      "11": {
        "horizontal": [
          -3.316840722,
          3.316840722
        ],
        "vertical": [
          -1.805087723,
          1.805087723
        ]
      },
      "12": {
        "horizontal": [
          -3.049095258,
          3.049095258
        ],
        "vertical": [
          -1.657642486,
          1.657642486
        ]
      },
      "13": {
        "horizontal": [
          -2.754151006,
          2.754151006
        ],
        "vertical": [
          -1.536200417,
          1.536200417
        ]
      },
      "14": {
        "horizontal": [
          -2.570074071,
          2.570074071
        ],
        "vertical": [
          -1.432096184,
          1.432096184
        ]
      },
      "15": {
        "horizontal": [
          -2.51,
          2.51
        ],
        "vertical": [
          -1.34,
          1.34
        ]
      },
      "16": {
        "horizontal": [
          -2.275384415,
          2.275384415
        ],
        "vertical": [
          -1.25856845,
          1.25856845
        ]
      },
      "17": {
        "horizontal": [
          -2.155743463,
          2.155743463
        ],
        "vertical": [
          -1.206505481,
          1.206505481
        ]
      },
      "18": {
        "horizontal": [
          -2.018840326,
          2.018840326
        ],
        "vertical": [
          -1.128407318,
          1.128407318
        ]
      },
      "19": {
        "horizontal": [
          -1.925844992,
          1.925844992
        ],
        "vertical": [
          -1.085017619,
          1.085017619
        ]
      },
      "20": {
        "horizontal": [
          -1.839994123,
          1.839994123
        ],
        "vertical": [
          -1.041626676,
          1.041626676
        ]
      },
      "21": {
        "horizontal": [
          -1.76486782,
          1.76486782
        ],
        "vertical": [
          -0.989555971,
          0.989555971
        ]
      },
      "22": {
        "horizontal": [
          -1.696891164,
          1.696891164
        ],
        "vertical": [
          -0.96352,
          0.96352
        ]
      },
      "23": {
        "horizontal": [
          -1.63964395,
          1.63964395
        ],
        "vertical": [
          -0.928804755,
          0.928804755
        ]
      },
      "24": {
        "horizontal": [
          -1.585971711,
          1.585971711
        ],
        "vertical": [
          -0.894088827,
          0.894088827
        ]
      },
      "25": {
        "horizontal": [
          -1.539453514,
          1.539453514
        ],
        "vertical": [
          -0.872391038,
          0.872391038
        ]
      },
      "26": {
        "horizontal": [
          -1.492933288,
          1.492933288
        ],
        "vertical": [
          -0.850692998,
          0.850692998
        ]
      },
      "27": {
        "horizontal": [
          -1.457147155,
          1.457147155
        ],
        "vertical": [
          -0.83333439,
          0.83333439
        ]
      },
      "28": {
        "horizontal": [
          -1.417781097,
          1.417781097
        ],
        "vertical": [
          -0.815975629,
          0.815975629
        ]
      },
      "29": {
        "horizontal": [
          -1.389150393,
          1.389150393
        ],
        "vertical": [
          -0.794276968,
          0.794276968
        ]
      },
      "30": {
        "horizontal": [
          -1.324728795,
          1.324728795
        ],
        "vertical": [
          -0.781257662,
          0.781257662
        ]
      }
    },
    "pid_fov": {
      "1": {
        "horizontal": [
          -31.86597769,
          31.86597769
        ],
        "vertical": [
          -19.2262176,
          19.2262176
        ]
      },
      "2": {
        "horizontal": [
          -17.38450922,
          17.38450922
        ],
        "vertical": [
          -9.995722272,
          9.995722272
        ]
      },
      "3": {
        "horizontal": [
          -12.45589808,
          12.45589808
        ],
        "vertical": [
          -6.528778904,
          6.528778904
        ]
      },
      "4": {
        "horizontal": [
          -9.651133261,
          9.651133261
        ],
        "vertical": [
          -5.190123868,
          5.190123868
        ]
      },
      "5": {
        "horizontal": [
          -7.866752079,
          7.866752079
        ],
        "vertical": [
          -4.083354673,
          4.083354673
        ]
      },
      "6": {
        "horizontal": [
          -6.694474362,
          6.694474362
        ],
        "vertical": [
          -3.433630362,
          3.433630362
        ]
      },
      "7": {
        "horizontal": [
          -5.909754394,
          5.909754394
        ],
        "vertical": [
          -2.989397381,
          2.989397381
        ]
      },
      "8": {
        "horizontal": [
          -4.515691232,
          4.515691232
        ],
        "vertical": [
          -2.640101956,
          2.640101956
        ]
      },
      "9": {
        "horizontal": [
          -4.030088663,
          4.030088663
        ],
        "vertical": [
          -2.203931754,
          2.203931754
        ]
      },
      "10": {
        "horizontal": [
          -3.641185258,
          3.641185258
        ],
        "vertical": [
          -1.978521949,
          1.978521949
        ]
      },
      "11": {
        "horizontal": [
          -3.316840722,
          3.316840722
        ],
        "vertical": [
          -1.805087723,
          1.805087723
        ]
      },
      "12": {
        "horizontal": [
          -3.049095258,
          3.049095258
        ],
        "vertical": [
          -1.657642486,
          1.657642486
        ]
      },
      "13": {
        "horizontal": [
          -2.754151006,
          2.754151006
        ],
        "vertical": [
          -1.536200417,
          1.536200417
        ]
      },
      "14": {
        "horizontal": [
          -2.570074071,
          2.570074071
        ],
        "vertical": [
          -1.432096184,
          1.432096184
        ]
      },
      "15": {
        "horizontal": [
          -2.51,
          2.51
        ],